{
    "logistic_regression": {
        "accuracy": 0.9720679378196228,
        "f1_score": 0.9649260335715061,
        "precision": 0.9684366127534443,
        "recall": 0.9720679378196228,
        "roc_auc": 0.860007520294579,
        "pr_auc": 0.45901058880897505
    },
    "random_forest": {
        "accuracy": 0.9731855589799167,
        "f1_score": 0.9657962957171422,
        "precision": 0.9718113687104781,
        "recall": 0.9731855589799167,
        "roc_auc": 0.8662102030070883,
        "pr_auc": 0.5129340848457498
    },
    "gradient_boosting": {
        "accuracy": 0.978164053239408,
        "f1_score": 0.9743351310317709,
        "precision": 0.9766853099986018,
        "recall": 0.978164053239408,
        "roc_auc": 0.9261246775680333,
        "pr_auc": 0.6636511107948061
    },
    "svc": {
        "accuracy": 0.9719748027229316,
        "f1_score": 0.9638139259498527,
        "precision": 0.9698935735808334,
        "recall": 0.9719748027229316,
        "roc_auc": null,
        "pr_auc": null
    },
    "isolation_forest": {
        "accuracy": 0.9363717953059911,
        "f1_score": 0.9417065345657024,
        "precision": 0.9477107290924536,
        "recall": 0.9363717953059911,
        "roc_auc": 0.7572222621736029,
        "pr_auc": 0.1479192867740453
    },
    "ocsvm": {
        "accuracy": 0.9182612524130457,
        "f1_score": 0.9253572542829654,
        "precision": 0.9326811034566931,
        "recall": 0.9182612524130457,
        "roc_auc": 0.4659291711377569,
        "pr_auc": 0.03464008716241278
    }
}