{
    "logistic_regression": {
        "accuracy": 0.8716216476757861,
        "f1_score": 0.926066132268143,
        "precision": 0.9927988043794123,
        "recall": 0.8716216476757861,
        "roc_auc": 0.9089731889686012,
        "pr_auc": 0.19004207481359722,
        "cp_coverage": 0.901579038695124,
        "cp_avg_set_size": 1.060817089864461,
        "cp_empty_set_ratio": 0.0,
        "alpha": 0.1
    },
    "random_forest": {
        "accuracy": 0.9884705111149671,
        "f1_score": 0.9911286668488194,
        "precision": 0.9953441319072361,
        "recall": 0.9884705111149671,
        "roc_auc": 0.984575286206516,
        "pr_auc": 0.7518208285795744,
        "cp_coverage": 0.9008695316868144,
        "cp_avg_set_size": 0.9038001041124414,
        "cp_empty_set_ratio": 0.09619989588755856,
        "alpha": 0.1
    },
    "gradient_boosting": {
        "accuracy": 0.9951221393178707,
        "f1_score": 0.9956674707326844,
        "precision": 0.996635400245686,
        "recall": 0.9951221393178707,
        "roc_auc": 0.9962176108879209,
        "pr_auc": 0.859323607828443,
        "cp_coverage": 0.90090423583396,
        "cp_avg_set_size": 0.9010777565696878,
        "cp_empty_set_ratio": 0.09892224343031214,
        "alpha": 0.1
    },
    "svc": {
        "accuracy": 0.8220949736826885,
        "f1_score": 0.8969445035462601,
        "precision": 0.9925866223930958,
        "recall": 0.8220949736826885,
        "roc_auc": 0.9045169185982973,
        "pr_auc": 0.23043346491995603,
        "cp_coverage": 0.9008425395723678,
        "cp_avg_set_size": 1.1217575722521063,
        "cp_empty_set_ratio": 0.0,
        "alpha": 0.1
    },
    "isolation_forest": {
        "accuracy": 0.9457689860605009,
        "f1_score": 0.9667027795971047,
        "precision": 0.9894714710875779,
        "recall": 0.9457689860605009,
        "roc_auc": 0.7413888412686725,
        "pr_auc": 0.02131408241855512
    },
    "ocsgd": {
        "accuracy": 0.9094992962770162,
        "f1_score": 0.9471543403364411,
        "precision": 0.9888670596855864,
        "recall": 0.9094992962770162,
        "roc_auc": 0.5525069151263869,
        "pr_auc": 0.008918521528509872
    }
}