{
    "logistic_regression": {
        "accuracy": 0.5634878085393836,
        "f1_score": 0.6015287232506529,
        "precision": 0.7219763609360951,
        "recall": 0.5634878085393836,
        "roc_auc": 0.6246218617730435,
        "pr_auc": 0.2995874212572961,
        "cp_coverage": 0.8997876948810877,
        "cp_avg_set_size": 1.6827217945143789,
        "cp_empty_set_ratio": 0.0,
        "alpha": 0.1
    },
    "random_forest": {
        "accuracy": 0.6141836975402629,
        "f1_score": 0.6461329005384336,
        "precision": 0.7158571947623474,
        "recall": 0.6141836975402629,
        "roc_auc": 0.6301263969855093,
        "pr_auc": 0.3081044128912044,
        "cp_coverage": 0.8997233599965688,
        "cp_avg_set_size": 1.5520361990950227,
        "cp_empty_set_ratio": 0.0,
        "alpha": 0.1
    },
    "gradient_boosting": {
        "accuracy": 0.7094851064742339,
        "f1_score": 0.7074857621877524,
        "precision": 0.7055689755759282,
        "recall": 0.7094851064742339,
        "roc_auc": 0.630106067882594,
        "pr_auc": 0.3071935350402633,
        "cp_coverage": 0.9015676266861101,
        "cp_avg_set_size": 1.4448328365250585,
        "cp_empty_set_ratio": 0.0,
        "alpha": 0.1
    },
    "svc": {
        "accuracy": 0.5637022581544466,
        "f1_score": 0.6017406162693059,
        "precision": 0.7217016760351399,
        "recall": 0.5637022581544466,
        "roc_auc": 0.6244313378264263,
        "pr_auc": 0.29946687381056336,
        "cp_coverage": 0.8997448049580751,
        "cp_avg_set_size": 1.6828504642834166,
        "cp_empty_set_ratio": 0.0,
        "alpha": 0.1
    },
    "isolation_forest": {
        "accuracy": 0.7523964744483284,
        "f1_score": 0.6867746211736087,
        "precision": 0.6540542723422972,
        "recall": 0.7523964744483284,
        "roc_auc": 0.4929492731338385,
        "pr_auc": 0.21284412919789733
    },
    "ocsgd": {
        "accuracy": 0.7631189552014754,
        "f1_score": 0.6899054502508754,
        "precision": 0.6600655751861955,
        "recall": 0.7631189552014754,
        "roc_auc": 0.5305382674519132,
        "pr_auc": 0.23234284395887517
    }
}