{
    "logistic_regression": {
        "accuracy": 0.97382465503318,
        "f1_score": 0.9852052370407748,
        "precision": 0.9982338064229239,
        "recall": 0.97382465503318,
        "roc_auc": 0.975483484403891,
        "pr_auc": 0.7308412958821945,
        "cp_coverage": 0.8952986201327201,
        "cp_avg_set_size": 0.9041641796285242,
        "cp_empty_set_ratio": 0.09583582037147573,
        "alpha": 0.1
    },
    "random_forest": {
        "accuracy": 0.998121554720691,
        "f1_score": 0.998395531636902,
        "precision": 0.9988679781006029,
        "recall": 0.998121554720691,
        "roc_auc": 0.9826338244920928,
        "pr_auc": 0.8073739486611334,
        "cp_coverage": 0.8979670657631403,
        "cp_avg_set_size": 0.8982830659035849,
        "cp_empty_set_ratio": 0.10171693409641515,
        "alpha": 0.1
    },
    "gradient_boosting": {
        "accuracy": 0.9988413328183702,
        "f1_score": 0.9989393211196043,
        "precision": 0.9991108663280369,
        "recall": 0.9988413328183702,
        "roc_auc": 0.9845582155203105,
        "pr_auc": 0.8613386314506716,
        "cp_coverage": 0.8960886204838313,
        "cp_avg_set_size": 0.8961763983006215,
        "cp_empty_set_ratio": 0.10382360169937853,
        "alpha": 0.1
    },
    "svc": {
        "accuracy": 0.9729117657385625,
        "f1_score": 0.9847292962651337,
        "precision": 0.9982115442224351,
        "recall": 0.9729117657385625,
        "roc_auc": 0.9775029824113101,
        "pr_auc": 0.7160471137374997,
        "cp_coverage": 0.8957550647800288,
        "cp_avg_set_size": 0.9059372915276851,
        "cp_empty_set_ratio": 0.09406270847231488,
        "alpha": 0.1
    },
    "isolation_forest": {
        "accuracy": 0.948843088374706,
        "f1_score": 0.9721288927132826,
        "precision": 0.9980690668508654,
        "recall": 0.948843088374706,
        "roc_auc": 0.9579745587036165,
        "pr_auc": 0.1664353984169036
    },
    "ocsgd": {
        "accuracy": 0.9624662055405357,
        "f1_score": 0.9791866300226688,
        "precision": 0.9964982759523876,
        "recall": 0.9624662055405357,
        "roc_auc": 0.03174473573897763,
        "pr_auc": 0.000873935995474119
    }
}