{
    "logistic_regression": {
        "accuracy": 0.9645,
        "f1_score": 0.9599949731165981,
        "pr_auc": 0.27440597908410147
    },
    "random_forest": {
        "accuracy": 0.9715,
        "f1_score": 0.9635200917033202,
        "pr_auc": 0.39557342902801895
    },
    "lof": {
        "accuracy": 0.7725,
        "f1_score": 0.8434778785341934,
        "pr_auc": 0.10849819937636335
    }
}