{
    "logistic_regression": {
        "accuracy": 0.7152777777777778,
        "f1_score": 0.7235681193613454,
        "precision": 0.7695920335045522,
        "recall": 0.7152777777777778,
        "roc_auc": 0.8116925418189729,
        "pr_auc": 0.635531776454984,
        "cp_coverage": 0.8866185897435898,
        "cp_avg_set_size": 1.4135950854700854,
        "cp_empty_set_ratio": 0.0,
        "alpha": 0.1
    },
    "random_forest": {
        "accuracy": 0.8311965811965812,
        "f1_score": 0.8337015377011299,
        "precision": 0.8399761072888361,
        "recall": 0.8311965811965812,
        "roc_auc": 0.9132038684234127,
        "pr_auc": 0.8569810902769958,
        "cp_coverage": 0.8874198717948718,
        "cp_avg_set_size": 1.1147168803418803,
        "cp_empty_set_ratio": 0.0,
        "alpha": 0.1
    },
    "gradient_boosting": {
        "accuracy": 0.8637820512820513,
        "f1_score": 0.8640920955937602,
        "precision": 0.8644721974519982,
        "recall": 0.8637820512820513,
        "roc_auc": 0.928715044615082,
        "pr_auc": 0.8861129525271597,
        "cp_coverage": 0.8932959401709402,
        "cp_avg_set_size": 1.0661057692307692,
        "cp_empty_set_ratio": 0.0,
        "alpha": 0.1
    },
    "svc": {
        "accuracy": 0.7162126068376068,
        "f1_score": 0.7243725327946449,
        "precision": 0.7617779619045865,
        "recall": 0.7162126068376068,
        "roc_auc": 0.806604809749965,
        "pr_auc": 0.6287912290374289,
        "cp_coverage": 0.8854166666666666,
        "cp_avg_set_size": 1.421207264957265,
        "cp_empty_set_ratio": 0.0,
        "alpha": 0.1
    },
    "isolation_forest": {
        "accuracy": 0.6473023504273504,
        "f1_score": 0.5493283283187145,
        "precision": 0.5447948237796612,
        "recall": 0.6473023504273504,
        "roc_auc": 0.4463502984728278,
        "pr_auc": 0.3051150079838185
    },
    "ocsgd": {
        "accuracy": 0.6440972222222222,
        "f1_score": 0.5520467988391365,
        "precision": 0.5468271771687002,
        "recall": 0.6440972222222222,
        "roc_auc": 0.4966129376699936,
        "pr_auc": 0.3367536680337578
    }
}