{
    "logistic_regression": {
        "accuracy": 0.9720086700308193,
        "f1_score": 0.9648632181206812,
        "pr_auc": null
    },
    "random_forest": {
        "accuracy": 0.9733887628272428,
        "f1_score": 0.9660632551414539,
        "pr_auc": null
    },
    "gradient_boosting": {
        "accuracy": 0.9745063839875369,
        "f1_score": 0.9688491915681886,
        "pr_auc": null
    }
}